Engine,Model,Cache,PrefixTok,SuffixTok,OutTok,PrefillMs,DecodeMs,TotalMs,CachedTok,CostUsd
llamacpp-gemma3-4b,gemma-3-4b,on,4409,98,245,2682.1,3715.3,6397.3,0,0.000000
llamacpp-gemma3-4b,gemma-3-4b,on,4409,101,241,228.3,3663.3,3891.6,0,0.000000
llamacpp-gemma3-4b,gemma-3-4b,on,4409,94,258,230.2,3998.1,4228.2,0,0.000000
llamacpp-gemma3-4b,gemma-3-4b,on,4409,102,360,286.4,5611.5,5897.9,0,0.000000
llamacpp-gemma3-4b,gemma-3-4b,on,4409,101,192,236.6,2916.8,3153.4,0,0.000000
llamacpp-gemma3-4b,gemma-3-4b,on,4409,102,263,229.2,4019.1,4248.3,0,0.000000
llamacpp-gemma3-4b,gemma-3-4b,on,4409,96,419,244.1,6470.1,6714.2,0,0.000000
llamacpp-gemma3-4b,gemma-3-4b,on,4409,95,229,226.8,3470.6,3697.4,0,0.000000
llamacpp-gemma3-4b,gemma-3-4b,on,4409,101,277,240.2,4238.5,4478.7,0,0.000000
llamacpp-gemma3-4b,gemma-3-4b,on,4409,96,158,233.8,2347.6,2581.4,0,0.000000
llamacpp-gemma3-4b,gemma-3-4b,on,4409,100,278,252.5,4250.6,4503.1,0,0.000000
llamacpp-gemma3-4b,gemma-3-4b,on,4409,96,196,232.5,2945.5,3177.9,0,0.000000
llamacpp-gemma3-4b,gemma-3-4b,on,4409,96,202,237.7,3032.3,3270.0,0,0.000000
llamacpp-gemma3-4b,gemma-3-4b,on,4409,101,241,244.2,3668.4,3912.5,0,0.000000
llamacpp-gemma3-4b,gemma-3-4b,on,4409,97,195,253.0,2931.0,3184.0,0,0.000000
llamacpp-gemma3-4b,gemma-3-4b,on,4409,93,248,249.3,3782.8,4032.1,0,0.000000
llamacpp-gemma3-4b,gemma-3-4b,on,4409,97,229,229.0,3468.2,3697.1,0,0.000000
llamacpp-gemma3-4b,gemma-3-4b,on,4409,99,197,236.0,2964.4,3200.4,0,0.000000
llamacpp-gemma3-4b,gemma-3-4b,on,4409,96,224,235.0,3393.7,3628.6,0,0.000000
llamacpp-gemma3-4b,gemma-3-4b,on,4409,97,229,249.0,3456.2,3705.2,0,0.000000
llamacpp-gemma3-4b,gemma-3-4b,on,4409,108,197,244.1,2960.2,3204.3,0,0.000000
llamacpp-gemma3-4b,gemma-3-4b,on,4409,86,244,241.4,3701.2,3942.6,0,0.000000
llamacpp-gemma3-4b,gemma-3-4b,on,4409,98,228,225.9,3469.5,3695.4,0,0.000000
llamacpp-gemma3-4b,gemma-3-4b,on,4409,102,197,230.4,2967.9,3198.3,0,0.000000
llamacpp-gemma3-4b,gemma-3-4b,on,4409,86,284,231.2,4337.9,4569.1,0,0.000000
llamacpp-gemma3-4b,gemma-3-4b,on,4409,96,184,245.1,2754.0,2999.1,0,0.000000
llamacpp-gemma3-4b,gemma-3-4b,on,4409,103,244,236.5,3724.9,3961.4,0,0.000000
llamacpp-gemma3-4b,gemma-3-4b,on,4409,102,225,235.7,3415.4,3651.2,0,0.000000
llamacpp-gemma3-4b,gemma-3-4b,on,4409,92,213,230.4,3217.9,3448.3,0,0.000000
llamacpp-gemma3-4b,gemma-3-4b,on,4409,103,249,250.9,3783.8,4034.7,0,0.000000
llamacpp-gemma3-4b,gemma-3-4b,off,4427,98,229,1524.8,3484.7,5009.5,0,0.000000
llamacpp-gemma3-4b,gemma-3-4b,off,4430,101,226,1514.5,3415.5,4929.9,0,0.000000
llamacpp-gemma3-4b,gemma-3-4b,off,4430,94,265,1566.0,4046.6,5612.7,0,0.000000
llamacpp-gemma3-4b,gemma-3-4b,off,4430,102,412,1518.8,6368.1,7886.9,0,0.000000
llamacpp-gemma3-4b,gemma-3-4b,off,4430,101,193,1520.5,2915.4,4435.9,0,0.000000
llamacpp-gemma3-4b,gemma-3-4b,off,4429,102,271,1528.6,4148.5,5677.1,0,0.000000
llamacpp-gemma3-4b,gemma-3-4b,off,4430,96,419,1535.5,6501.0,8036.5,0,0.000000
llamacpp-gemma3-4b,gemma-3-4b,off,4430,95,229,1512.9,3486.1,4999.0,0,0.000000
llamacpp-gemma3-4b,gemma-3-4b,off,4430,101,249,1515.7,3797.8,5313.5,0,0.000000
llamacpp-gemma3-4b,gemma-3-4b,off,4430,96,161,1519.5,2395.0,3914.5,0,0.000000
llamacpp-gemma3-4b,gemma-3-4b,off,4429,100,273,1530.1,4176.8,5706.9,0,0.000000
llamacpp-gemma3-4b,gemma-3-4b,off,4430,96,200,1560.3,3011.5,4571.8,0,0.000000
llamacpp-gemma3-4b,gemma-3-4b,off,4430,96,172,1587.3,2569.4,4156.7,0,0.000000
llamacpp-gemma3-4b,gemma-3-4b,off,4429,101,469,1600.1,7369.0,8969.1,0,0.000000
llamacpp-gemma3-4b,gemma-3-4b,off,4430,97,200,1527.9,3016.5,4544.4,0,0.000000
llamacpp-gemma3-4b,gemma-3-4b,off,4430,93,209,1546.9,3168.2,4715.1,0,0.000000
llamacpp-gemma3-4b,gemma-3-4b,off,4430,97,471,1531.4,7318.3,8849.8,0,0.000000
llamacpp-gemma3-4b,gemma-3-4b,off,4430,99,200,1564.9,3014.7,4579.6,0,0.000000
llamacpp-gemma3-4b,gemma-3-4b,off,4429,96,250,1528.2,3802.7,5330.9,0,0.000000
llamacpp-gemma3-4b,gemma-3-4b,off,4430,97,449,1584.5,6972.6,8557.1,0,0.000000
llamacpp-gemma3-4b,gemma-3-4b,off,4430,108,197,1576.4,2977.3,4553.7,0,0.000000
llamacpp-gemma3-4b,gemma-3-4b,off,4430,86,243,1567.9,3704.0,5271.8,0,0.000000
llamacpp-gemma3-4b,gemma-3-4b,off,4430,98,233,1549.3,3554.1,5103.4,0,0.000000
llamacpp-gemma3-4b,gemma-3-4b,off,4429,102,197,1525.0,2981.0,4506.0,0,0.000000
llamacpp-gemma3-4b,gemma-3-4b,off,4430,86,289,1537.5,4432.9,5970.4,0,0.000000
llamacpp-gemma3-4b,gemma-3-4b,off,4430,96,208,1497.3,3153.5,4650.8,0,0.000000
llamacpp-gemma3-4b,gemma-3-4b,off,4429,103,246,1544.3,3770.6,5314.9,0,0.000000
llamacpp-gemma3-4b,gemma-3-4b,off,4430,102,493,1522.9,7698.2,9221.1,0,0.000000
llamacpp-gemma3-4b,gemma-3-4b,off,4430,92,208,1545.8,3162.1,4707.9,0,0.000000
llamacpp-gemma3-4b,gemma-3-4b,off,4430,103,228,1512.2,3473.7,4985.9,0,0.000000
llamacpp-gemma3-4b,gemma-3-4b,off_tail,4427,98,229,1549.8,3475.9,5025.7,0,0.000000
llamacpp-gemma3-4b,gemma-3-4b,off_tail,4430,101,228,253.0,3449.0,3702.0,0,0.000000
llamacpp-gemma3-4b,gemma-3-4b,off_tail,4430,94,284,250.5,4349.0,4599.4,0,0.000000
llamacpp-gemma3-4b,gemma-3-4b,off_tail,4430,102,203,234.0,3072.7,3306.7,0,0.000000
llamacpp-gemma3-4b,gemma-3-4b,off_tail,4430,101,192,241.9,2900.7,3142.6,0,0.000000
llamacpp-gemma3-4b,gemma-3-4b,off_tail,4429,102,287,230.7,4408.8,4639.6,0,0.000000
llamacpp-gemma3-4b,gemma-3-4b,off_tail,4430,96,257,258.3,3900.3,4158.6,0,0.000000
llamacpp-gemma3-4b,gemma-3-4b,off_tail,4430,95,227,245.2,3433.5,3678.7,0,0.000000
llamacpp-gemma3-4b,gemma-3-4b,off_tail,4430,101,259,249.2,3947.9,4197.2,0,0.000000
llamacpp-gemma3-4b,gemma-3-4b,off_tail,4430,96,158,236.1,2355.9,2592.1,0,0.000000
llamacpp-gemma3-4b,gemma-3-4b,off_tail,4429,100,278,235.3,4277.5,4512.8,0,0.000000
llamacpp-gemma3-4b,gemma-3-4b,off_tail,4430,96,196,229.4,2964.3,3193.7,0,0.000000
llamacpp-gemma3-4b,gemma-3-4b,off_tail,4430,96,219,237.3,3317.7,3555.0,0,0.000000
llamacpp-gemma3-4b,gemma-3-4b,off_tail,4429,101,241,263.7,3647.1,3910.8,0,0.000000
llamacpp-gemma3-4b,gemma-3-4b,off_tail,4430,97,195,230.1,2938.3,3168.4,0,0.000000
llamacpp-gemma3-4b,gemma-3-4b,off_tail,4430,93,277,245.4,4238.1,4483.5,0,0.000000
llamacpp-gemma3-4b,gemma-3-4b,off_tail,4430,97,226,236.9,3427.6,3664.6,0,0.000000
llamacpp-gemma3-4b,gemma-3-4b,off_tail,4430,99,195,248.2,2932.2,3180.4,0,0.000000
llamacpp-gemma3-4b,gemma-3-4b,off_tail,4429,96,273,249.1,4167.9,4417.0,0,0.000000
llamacpp-gemma3-4b,gemma-3-4b,off_tail,4430,97,229,233.7,3471.8,3705.6,0,0.000000
llamacpp-gemma3-4b,gemma-3-4b,off_tail,4430,108,206,257.8,3117.6,3375.5,0,0.000000
llamacpp-gemma3-4b,gemma-3-4b,off_tail,4430,86,247,246.1,3766.8,4012.9,0,0.000000
llamacpp-gemma3-4b,gemma-3-4b,off_tail,4430,98,256,242.4,3894.8,4137.1,0,0.000000
llamacpp-gemma3-4b,gemma-3-4b,off_tail,4429,102,195,247.4,2924.6,3172.0,0,0.000000
llamacpp-gemma3-4b,gemma-3-4b,off_tail,4430,86,220,242.6,3346.6,3589.2,0,0.000000
llamacpp-gemma3-4b,gemma-3-4b,off_tail,4430,96,210,236.6,3178.0,3414.6,0,0.000000
llamacpp-gemma3-4b,gemma-3-4b,off_tail,4429,103,246,238.7,3759.9,3998.6,0,0.000000
llamacpp-gemma3-4b,gemma-3-4b,off_tail,4430,102,279,237.1,4267.0,4504.1,0,0.000000
llamacpp-gemma3-4b,gemma-3-4b,off_tail,4430,92,231,240.0,3507.9,3747.9,0,0.000000
llamacpp-gemma3-4b,gemma-3-4b,off_tail,4430,103,250,239.7,3813.2,4052.9,0,0.000000
llamacpp-qwen3-8b,qwen3-8b,on,4409,98,249,4791.5,5731.0,10522.5,0,0.000000
llamacpp-qwen3-8b,qwen3-8b,on,4409,101,230,320.8,5256.4,5577.2,0,0.000000
llamacpp-qwen3-8b,qwen3-8b,on,4409,94,211,311.2,4813.9,5125.1,0,0.000000
llamacpp-qwen3-8b,qwen3-8b,on,4409,102,200,315.7,4552.4,4868.1,0,0.000000
llamacpp-qwen3-8b,qwen3-8b,on,4409,101,212,309.0,4835.9,5144.9,0,0.000000
llamacpp-qwen3-8b,qwen3-8b,on,4409,102,182,316.1,4116.8,4432.9,0,0.000000
llamacpp-qwen3-8b,qwen3-8b,on,4409,96,228,316.7,5232.7,5549.4,0,0.000000
llamacpp-qwen3-8b,qwen3-8b,on,4409,95,212,321.2,4866.5,5187.7,0,0.000000
llamacpp-qwen3-8b,qwen3-8b,on,4409,101,238,320.3,5522.5,5842.8,0,0.000000
llamacpp-qwen3-8b,qwen3-8b,on,4409,96,240,314.7,5514.2,5828.9,0,0.000000
llamacpp-qwen3-8b,qwen3-8b,on,4409,100,223,328.9,5111.7,5440.6,0,0.000000
llamacpp-qwen3-8b,qwen3-8b,on,4409,96,173,311.5,3884.0,4195.5,0,0.000000
llamacpp-qwen3-8b,qwen3-8b,on,4409,96,200,327.8,4523.6,4851.4,0,0.000000
llamacpp-qwen3-8b,qwen3-8b,on,4409,101,215,309.8,4851.4,5161.2,0,0.000000
llamacpp-qwen3-8b,qwen3-8b,on,4409,97,214,321.0,4807.5,5128.5,0,0.000000
llamacpp-qwen3-8b,qwen3-8b,on,4409,93,216,325.4,4881.4,5206.8,0,0.000000
llamacpp-qwen3-8b,qwen3-8b,on,4409,97,213,323.8,4797.9,5121.7,0,0.000000
llamacpp-qwen3-8b,qwen3-8b,on,4409,99,175,311.5,3964.6,4276.1,0,0.000000
llamacpp-qwen3-8b,qwen3-8b,on,4409,96,209,314.7,4759.1,5073.8,0,0.000000
llamacpp-qwen3-8b,qwen3-8b,on,4409,97,211,312.0,4821.9,5133.9,0,0.000000
llamacpp-qwen3-8b,qwen3-8b,on,4409,108,162,326.3,3595.8,3922.2,0,0.000000
llamacpp-qwen3-8b,qwen3-8b,on,4409,86,208,305.0,4654.5,4959.5,0,0.000000
llamacpp-qwen3-8b,qwen3-8b,on,4409,98,225,313.6,5085.9,5399.5,0,0.000000
llamacpp-qwen3-8b,qwen3-8b,on,4409,102,219,320.2,4994.7,5315.0,0,0.000000
llamacpp-qwen3-8b,qwen3-8b,on,4409,86,185,313.4,4175.7,4489.1,0,0.000000
llamacpp-qwen3-8b,qwen3-8b,on,4409,96,225,312.4,5126.5,5438.9,0,0.000000
llamacpp-qwen3-8b,qwen3-8b,on,4409,103,215,333.6,4903.1,5236.7,0,0.000000
llamacpp-qwen3-8b,qwen3-8b,on,4409,102,208,315.2,4734.5,5049.7,0,0.000000
llamacpp-qwen3-8b,qwen3-8b,on,4409,92,224,301.9,5117.7,5419.6,0,0.000000
llamacpp-qwen3-8b,qwen3-8b,on,4409,103,198,323.5,4478.3,4801.8,0,0.000000
llamacpp-qwen3-8b,qwen3-8b,off,4427,98,215,2603.1,4884.2,7487.2,0,0.000000
llamacpp-qwen3-8b,qwen3-8b,off,4430,101,213,2599.0,4842.2,7441.2,0,0.000000
llamacpp-qwen3-8b,qwen3-8b,off,4430,94,210,2596.7,4791.8,7388.5,0,0.000000
llamacpp-qwen3-8b,qwen3-8b,off,4430,102,200,2591.3,4541.1,7132.5,0,0.000000
llamacpp-qwen3-8b,qwen3-8b,off,4430,101,210,2619.4,4773.8,7393.2,0,0.000000
llamacpp-qwen3-8b,qwen3-8b,off,4429,102,203,2592.9,4628.3,7221.2,0,0.000000
llamacpp-qwen3-8b,qwen3-8b,off,4430,96,225,2606.0,5133.1,7739.1,0,0.000000
llamacpp-qwen3-8b,qwen3-8b,off,4430,95,210,2616.2,4794.6,7410.8,0,0.000000
llamacpp-qwen3-8b,qwen3-8b,off,4430,101,198,2602.0,4417.2,7019.2,0,0.000000
llamacpp-qwen3-8b,qwen3-8b,off,4430,96,290,2588.3,6707.5,9295.8,0,0.000000
llamacpp-qwen3-8b,qwen3-8b,off,4429,100,215,2618.2,4882.1,7500.4,0,0.000000
llamacpp-qwen3-8b,qwen3-8b,off,4430,96,174,2620.8,3933.2,6554.0,0,0.000000
llamacpp-qwen3-8b,qwen3-8b,off,4430,96,224,2650.3,5108.1,7758.4,0,0.000000
llamacpp-qwen3-8b,qwen3-8b,off,4429,101,214,2631.9,4888.2,7520.1,0,0.000000
llamacpp-qwen3-8b,qwen3-8b,off,4430,97,218,2634.1,4973.5,7607.6,0,0.000000
llamacpp-qwen3-8b,qwen3-8b,off,4430,93,188,2630.4,4288.1,6918.5,0,0.000000
llamacpp-qwen3-8b,qwen3-8b,off,4430,97,213,2640.5,4885.5,7526.0,0,0.000000
llamacpp-qwen3-8b,qwen3-8b,off,4430,99,178,2642.8,4031.0,6673.7,0,0.000000
llamacpp-qwen3-8b,qwen3-8b,off,4429,96,209,2610.8,4784.1,7394.9,0,0.000000
llamacpp-qwen3-8b,qwen3-8b,off,4430,97,208,2638.7,4750.7,7389.4,0,0.000000
llamacpp-qwen3-8b,qwen3-8b,off,4430,108,162,2635.2,3617.0,6252.2,0,0.000000
llamacpp-qwen3-8b,qwen3-8b,off,4430,86,194,2588.2,4309.5,6897.7,0,0.000000
llamacpp-qwen3-8b,qwen3-8b,off,4430,98,231,2576.0,5193.1,7769.1,0,0.000000
llamacpp-qwen3-8b,qwen3-8b,off,4429,102,224,2603.1,5022.8,7625.8,0,0.000000
llamacpp-qwen3-8b,qwen3-8b,off,4430,86,196,2603.6,4374.2,6977.9,0,0.000000
llamacpp-qwen3-8b,qwen3-8b,off,4430,96,224,2604.0,5015.6,7619.6,0,0.000000
llamacpp-qwen3-8b,qwen3-8b,off,4429,103,215,2596.1,4882.6,7478.7,0,0.000000
llamacpp-qwen3-8b,qwen3-8b,off,4430,102,213,2635.9,4831.9,7467.9,0,0.000000
llamacpp-qwen3-8b,qwen3-8b,off,4430,92,224,2664.5,5032.4,7696.9,0,0.000000
llamacpp-qwen3-8b,qwen3-8b,off,4430,103,221,2583.6,5016.6,7600.2,0,0.000000
llamacpp-qwen3-8b,qwen3-8b,off_tail,4427,98,249,2595.5,5627.2,8222.7,0,0.000000
llamacpp-qwen3-8b,qwen3-8b,off_tail,4430,101,185,315.8,4135.7,4451.5,0,0.000000
llamacpp-qwen3-8b,qwen3-8b,off_tail,4430,94,184,315.4,4076.2,4391.7,0,0.000000
llamacpp-qwen3-8b,qwen3-8b,off_tail,4430,102,237,330.5,5342.7,5673.2,0,0.000000
llamacpp-qwen3-8b,qwen3-8b,off_tail,4430,101,213,315.1,4782.0,5097.1,0,0.000000
llamacpp-qwen3-8b,qwen3-8b,off_tail,4429,102,182,316.3,4041.1,4357.4,0,0.000000
llamacpp-qwen3-8b,qwen3-8b,off_tail,4430,96,199,325.9,4434.3,4760.2,0,0.000000
llamacpp-qwen3-8b,qwen3-8b,off_tail,4430,95,211,315.6,4685.5,5001.1,0,0.000000
llamacpp-qwen3-8b,qwen3-8b,off_tail,4430,101,237,316.3,5305.8,5622.1,0,0.000000
llamacpp-qwen3-8b,qwen3-8b,off_tail,4430,96,219,316.8,4884.2,5200.9,0,0.000000
llamacpp-qwen3-8b,qwen3-8b,off_tail,4429,100,223,314.6,4980.3,5294.9,0,0.000000
llamacpp-qwen3-8b,qwen3-8b,off_tail,4430,96,220,314.8,4909.6,5224.5,0,0.000000
llamacpp-qwen3-8b,qwen3-8b,off_tail,4430,96,225,313.9,5025.4,5339.3,0,0.000000
llamacpp-qwen3-8b,qwen3-8b,off_tail,4429,101,214,314.4,4829.3,5143.7,0,0.000000
llamacpp-qwen3-8b,qwen3-8b,off_tail,4430,97,189,313.8,4223.9,4537.8,0,0.000000
llamacpp-qwen3-8b,qwen3-8b,off_tail,4430,93,192,329.5,4423.8,4753.3,0,0.000000
llamacpp-qwen3-8b,qwen3-8b,off_tail,4430,97,211,334.1,4853.9,5188.0,0,0.000000
llamacpp-qwen3-8b,qwen3-8b,off_tail,4430,99,151,333.5,3409.0,3742.6,0,0.000000
llamacpp-qwen3-8b,qwen3-8b,off_tail,4429,96,232,343.8,5400.9,5744.7,0,0.000000
llamacpp-qwen3-8b,qwen3-8b,off_tail,4430,97,210,338.4,5027.1,5365.5,0,0.000000
llamacpp-qwen3-8b,qwen3-8b,off_tail,4430,108,192,354.1,4377.2,4731.3,0,0.000000
llamacpp-qwen3-8b,qwen3-8b,off_tail,4430,86,188,337.9,4261.3,4599.3,0,0.000000
llamacpp-qwen3-8b,qwen3-8b,off_tail,4430,98,225,337.9,5227.1,5565.0,0,0.000000
llamacpp-qwen3-8b,qwen3-8b,off_tail,4429,102,238,352.9,5629.8,5982.7,0,0.000000
llamacpp-qwen3-8b,qwen3-8b,off_tail,4430,86,149,338.4,3455.7,3794.2,0,0.000000
llamacpp-qwen3-8b,qwen3-8b,off_tail,4430,96,228,337.6,5295.6,5633.2,0,0.000000
llamacpp-qwen3-8b,qwen3-8b,off_tail,4429,103,227,323.9,5623.8,5947.7,0,0.000000
llamacpp-qwen3-8b,qwen3-8b,off_tail,4430,102,212,369.0,6200.0,6569.0,0,0.000000
llamacpp-qwen3-8b,qwen3-8b,off_tail,4430,92,204,399.9,4822.3,5222.3,0,0.000000
llamacpp-qwen3-8b,qwen3-8b,off_tail,4430,103,196,354.8,4550.6,4905.5,0,0.000000
